{"cameraMode":{"drawMode":0,"name":"Shaded","section":"Shading Mode"},"sceneLighting":true,"audioPlay":false,"sceneViewState":{"showFog":true,"showMaterialUpdate":false,"showSkybox":true,"showFlares":true,"showImageEffects":true,"showParticleSystems":true},"in2DMode":false,"pivot":{"x":0.014076411724090577,"y":0.01292341947555542,"z":0.4173707962036133},"rotation":{"x":0.2350243479013443,"y":0.20802763104438783,"z":-0.051569487899541858,"w":0.9480665326118469},"size":0.4604671001434326,"orthographic":true}