{"cameraMode":{"drawMode":0,"name":"Shaded","section":"Shading Mode"},"sceneLighting":false,"audioPlay":false,"sceneViewState":{"showFog":true,"showMaterialUpdate":false,"showSkybox":false,"showFlares":true,"showImageEffects":true,"showParticleSystems":true},"in2DMode":false,"pivot":{"x":-0.0072799623012542728,"y":-0.009855993092060089,"z":-0.0013982951641082764},"rotation":{"x":0.20780475437641145,"y":0.1994064450263977,"z":-0.043315690010786059,"w":0.9566501975059509},"size":0.02399998903274536,"orthographic":false}